timestamp, name, utilization.gpu [%], utilization.memory [%], memory.used [MiB], memory.total [MiB], temperature.gpu, power.draw [W]
2025/12/18 20:17:18.293, NVIDIA GeForce RTX 3080, 0 %, 3 %, 655 MiB, 10240 MiB, 34, 19.95 W
2025/12/18 20:17:19.312, NVIDIA GeForce RTX 3080, 63 %, 42 %, 667 MiB, 10240 MiB, 34, 22.63 W
2025/12/18 20:17:20.312, NVIDIA GeForce RTX 3080, 0 %, 3 %, 661 MiB, 10240 MiB, 34, 28.14 W
2025/12/18 20:17:21.312, NVIDIA GeForce RTX 3080, 0 %, 3 %, 661 MiB, 10240 MiB, 34, 28.12 W
2025/12/18 20:17:22.312, NVIDIA GeForce RTX 3080, 6 %, 6 %, 675 MiB, 10240 MiB, 34, 28.20 W
2025/12/18 20:17:23.312, NVIDIA GeForce RTX 3080, 37 %, 25 %, 688 MiB, 10240 MiB, 34, 29.07 W
2025/12/18 20:17:24.312, NVIDIA GeForce RTX 3080, 34 %, 24 %, 1048 MiB, 10240 MiB, 34, 29.56 W
2025/12/18 20:17:25.313, NVIDIA GeForce RTX 3080, 21 %, 1 %, 1660 MiB, 10240 MiB, 36, 72.37 W
2025/12/18 20:17:26.313, NVIDIA GeForce RTX 3080, 23 %, 1 %, 2226 MiB, 10240 MiB, 36, 89.63 W
2025/12/18 20:17:27.313, NVIDIA GeForce RTX 3080, 5 %, 1 %, 2216 MiB, 10240 MiB, 36, 88.12 W
2025/12/18 20:17:28.313, NVIDIA GeForce RTX 3080, 5 %, 1 %, 2211 MiB, 10240 MiB, 36, 86.77 W
2025/12/18 20:17:29.313, NVIDIA GeForce RTX 3080, 5 %, 1 %, 2209 MiB, 10240 MiB, 36, 86.53 W
2025/12/18 20:17:30.313, NVIDIA GeForce RTX 3080, 5 %, 1 %, 2247 MiB, 10240 MiB, 36, 86.55 W
2025/12/18 20:17:31.314, NVIDIA GeForce RTX 3080, 5 %, 1 %, 2246 MiB, 10240 MiB, 36, 86.59 W
2025/12/18 20:17:32.314, NVIDIA GeForce RTX 3080, 6 %, 1 %, 2246 MiB, 10240 MiB, 36, 86.48 W
2025/12/18 20:17:33.314, NVIDIA GeForce RTX 3080, 6 %, 1 %, 2245 MiB, 10240 MiB, 36, 86.63 W
2025/12/18 20:17:34.314, NVIDIA GeForce RTX 3080, 5 %, 1 %, 2245 MiB, 10240 MiB, 36, 86.58 W
2025/12/18 20:17:35.314, NVIDIA GeForce RTX 3080, 5 %, 1 %, 2245 MiB, 10240 MiB, 36, 86.51 W
2025/12/18 20:17:36.315, NVIDIA GeForce RTX 3080, 5 %, 1 %, 2249 MiB, 10240 MiB, 36, 86.63 W
2025/12/18 20:17:37.315, NVIDIA GeForce RTX 3080, 6 %, 1 %, 2239 MiB, 10240 MiB, 36, 86.99 W
2025/12/18 20:17:38.315, NVIDIA GeForce RTX 3080, 4 %, 1 %, 2239 MiB, 10240 MiB, 37, 86.48 W
2025/12/18 20:17:39.316, NVIDIA GeForce RTX 3080, 4 %, 1 %, 2239 MiB, 10240 MiB, 37, 86.60 W
2025/12/18 20:17:40.316, NVIDIA GeForce RTX 3080, 6 %, 1 %, 2239 MiB, 10240 MiB, 37, 86.88 W
2025/12/18 20:17:41.316, NVIDIA GeForce RTX 3080, 6 %, 1 %, 2239 MiB, 10240 MiB, 37, 86.92 W
2025/12/18 20:17:42.316, NVIDIA GeForce RTX 3080, 6 %, 1 %, 2239 MiB, 10240 MiB, 37, 87.07 W
2025/12/18 20:17:43.316, NVIDIA GeForce RTX 3080, 6 %, 1 %, 2248 MiB, 10240 MiB, 37, 87.05 W
2025/12/18 20:17:44.316, NVIDIA GeForce RTX 3080, 6 %, 1 %, 2247 MiB, 10240 MiB, 37, 87.07 W
2025/12/18 20:17:45.317, NVIDIA GeForce RTX 3080, 6 %, 1 %, 2404 MiB, 10240 MiB, 37, 87.64 W
2025/12/18 20:17:46.317, NVIDIA GeForce RTX 3080, 26 %, 1 %, 3069 MiB, 10240 MiB, 42, 124.64 W
2025/12/18 20:17:47.317, NVIDIA GeForce RTX 3080, 98 %, 85 %, 3069 MiB, 10240 MiB, 45, 308.58 W
2025/12/18 20:17:48.317, NVIDIA GeForce RTX 3080, 98 %, 84 %, 3070 MiB, 10240 MiB, 46, 312.83 W
2025/12/18 20:17:49.317, NVIDIA GeForce RTX 3080, 98 %, 83 %, 3069 MiB, 10240 MiB, 46, 310.63 W
2025/12/18 20:17:50.317, NVIDIA GeForce RTX 3080, 99 %, 85 %, 3067 MiB, 10240 MiB, 47, 310.87 W
2025/12/18 20:17:51.317, NVIDIA GeForce RTX 3080, 99 %, 85 %, 3058 MiB, 10240 MiB, 48, 311.64 W
2025/12/18 20:17:52.318, NVIDIA GeForce RTX 3080, 98 %, 84 %, 3058 MiB, 10240 MiB, 48, 311.56 W
2025/12/18 20:17:53.318, NVIDIA GeForce RTX 3080, 99 %, 84 %, 3067 MiB, 10240 MiB, 49, 312.30 W
2025/12/18 20:17:54.318, NVIDIA GeForce RTX 3080, 99 %, 85 %, 3067 MiB, 10240 MiB, 49, 313.06 W
2025/12/18 20:17:55.318, NVIDIA GeForce RTX 3080, 99 %, 84 %, 3066 MiB, 10240 MiB, 50, 312.10 W
2025/12/18 20:17:56.318, NVIDIA GeForce RTX 3080, 99 %, 86 %, 3066 MiB, 10240 MiB, 50, 313.36 W
2025/12/18 20:17:57.318, NVIDIA GeForce RTX 3080, 99 %, 85 %, 3066 MiB, 10240 MiB, 51, 312.77 W
2025/12/18 20:17:58.318, NVIDIA GeForce RTX 3080, 98 %, 84 %, 3053 MiB, 10240 MiB, 51, 311.77 W
2025/12/18 20:17:59.319, NVIDIA GeForce RTX 3080, 98 %, 86 %, 3052 MiB, 10240 MiB, 52, 311.80 W
2025/12/18 20:18:00.319, NVIDIA GeForce RTX 3080, 99 %, 90 %, 3049 MiB, 10240 MiB, 52, 312.84 W
2025/12/18 20:18:01.319, NVIDIA GeForce RTX 3080, 98 %, 89 %, 3054 MiB, 10240 MiB, 53, 311.46 W
2025/12/18 20:18:02.319, NVIDIA GeForce RTX 3080, 98 %, 84 %, 3080 MiB, 10240 MiB, 53, 311.13 W
2025/12/18 20:18:03.319, NVIDIA GeForce RTX 3080, 99 %, 83 %, 3053 MiB, 10240 MiB, 53, 308.71 W
2025/12/18 20:18:04.319, NVIDIA GeForce RTX 3080, 99 %, 84 %, 3065 MiB, 10240 MiB, 54, 310.30 W
2025/12/18 20:18:05.319, NVIDIA GeForce RTX 3080, 98 %, 85 %, 3067 MiB, 10240 MiB, 54, 312.05 W
2025/12/18 20:18:06.320, NVIDIA GeForce RTX 3080, 99 %, 84 %, 3066 MiB, 10240 MiB, 54, 312.35 W
2025/12/18 20:18:07.320, NVIDIA GeForce RTX 3080, 99 %, 85 %, 3057 MiB, 10240 MiB, 55, 310.86 W
2025/12/18 20:18:08.320, NVIDIA GeForce RTX 3080, 99 %, 84 %, 3048 MiB, 10240 MiB, 55, 310.69 W
2025/12/18 20:18:09.320, NVIDIA GeForce RTX 3080, 98 %, 84 %, 3051 MiB, 10240 MiB, 56, 311.31 W
2025/12/18 20:18:10.320, NVIDIA GeForce RTX 3080, 98 %, 84 %, 3052 MiB, 10240 MiB, 56, 310.70 W
2025/12/18 20:18:11.320, NVIDIA GeForce RTX 3080, 98 %, 82 %, 3041 MiB, 10240 MiB, 57, 311.72 W
2025/12/18 20:18:12.320, NVIDIA GeForce RTX 3080, 98 %, 83 %, 3027 MiB, 10240 MiB, 57, 310.16 W
2025/12/18 20:18:13.321, NVIDIA GeForce RTX 3080, 98 %, 82 %, 3018 MiB, 10240 MiB, 57, 312.21 W
2025/12/18 20:18:14.321, NVIDIA GeForce RTX 3080, 99 %, 83 %, 3013 MiB, 10240 MiB, 57, 312.02 W
2025/12/18 20:18:15.321, NVIDIA GeForce RTX 3080, 97 %, 83 %, 3004 MiB, 10240 MiB, 58, 312.03 W
2025/12/18 20:18:16.321, NVIDIA GeForce RTX 3080, 99 %, 86 %, 3004 MiB, 10240 MiB, 58, 313.59 W
2025/12/18 20:18:17.321, NVIDIA GeForce RTX 3080, 98 %, 85 %, 2994 MiB, 10240 MiB, 59, 313.22 W
2025/12/18 20:18:18.321, NVIDIA GeForce RTX 3080, 99 %, 89 %, 2994 MiB, 10240 MiB, 59, 313.50 W
2025/12/18 20:18:19.322, NVIDIA GeForce RTX 3080, 98 %, 87 %, 2994 MiB, 10240 MiB, 59, 312.35 W
2025/12/18 20:18:20.322, NVIDIA GeForce RTX 3080, 99 %, 91 %, 2994 MiB, 10240 MiB, 60, 314.28 W
2025/12/18 20:18:21.322, NVIDIA GeForce RTX 3080, 98 %, 88 %, 2994 MiB, 10240 MiB, 60, 312.99 W
2025/12/18 20:18:22.322, NVIDIA GeForce RTX 3080, 99 %, 85 %, 2994 MiB, 10240 MiB, 60, 311.73 W
2025/12/18 20:18:23.322, NVIDIA GeForce RTX 3080, 99 %, 85 %, 2994 MiB, 10240 MiB, 60, 313.09 W
2025/12/18 20:18:24.322, NVIDIA GeForce RTX 3080, 98 %, 83 %, 2994 MiB, 10240 MiB, 61, 311.91 W
2025/12/18 20:18:25.322, NVIDIA GeForce RTX 3080, 98 %, 85 %, 2994 MiB, 10240 MiB, 61, 311.28 W
2025/12/18 20:18:26.323, NVIDIA GeForce RTX 3080, 98 %, 84 %, 2993 MiB, 10240 MiB, 61, 312.15 W
2025/12/18 20:18:27.323, NVIDIA GeForce RTX 3080, 98 %, 81 %, 2993 MiB, 10240 MiB, 61, 312.05 W
2025/12/18 20:18:28.323, NVIDIA GeForce RTX 3080, 98 %, 84 %, 2994 MiB, 10240 MiB, 62, 312.86 W
2025/12/18 20:18:29.323, NVIDIA GeForce RTX 3080, 98 %, 84 %, 2994 MiB, 10240 MiB, 62, 311.63 W
2025/12/18 20:18:30.323, NVIDIA GeForce RTX 3080, 99 %, 85 %, 3019 MiB, 10240 MiB, 62, 312.19 W
2025/12/18 20:18:31.323, NVIDIA GeForce RTX 3080, 98 %, 83 %, 3031 MiB, 10240 MiB, 62, 310.60 W
2025/12/18 20:18:32.323, NVIDIA GeForce RTX 3080, 98 %, 83 %, 3033 MiB, 10240 MiB, 63, 310.87 W
2025/12/18 20:18:33.324, NVIDIA GeForce RTX 3080, 99 %, 82 %, 3040 MiB, 10240 MiB, 63, 309.16 W
2025/12/18 20:18:34.324, NVIDIA GeForce RTX 3080, 98 %, 84 %, 3040 MiB, 10240 MiB, 63, 309.49 W
2025/12/18 20:18:35.324, NVIDIA GeForce RTX 3080, 98 %, 84 %, 3039 MiB, 10240 MiB, 63, 311.60 W
2025/12/18 20:18:36.324, NVIDIA GeForce RTX 3080, 98 %, 87 %, 3020 MiB, 10240 MiB, 64, 311.87 W
2025/12/18 20:18:37.324, NVIDIA GeForce RTX 3080, 98 %, 82 %, 3018 MiB, 10240 MiB, 64, 311.38 W
2025/12/18 20:18:38.324, NVIDIA GeForce RTX 3080, 98 %, 85 %, 3007 MiB, 10240 MiB, 64, 310.59 W
2025/12/18 20:18:39.325, NVIDIA GeForce RTX 3080, 98 %, 82 %, 3007 MiB, 10240 MiB, 64, 310.00 W
2025/12/18 20:18:40.325, NVIDIA GeForce RTX 3080, 97 %, 81 %, 3024 MiB, 10240 MiB, 65, 310.62 W
2025/12/18 20:18:41.325, NVIDIA GeForce RTX 3080, 99 %, 84 %, 3023 MiB, 10240 MiB, 65, 310.79 W
2025/12/18 20:18:42.325, NVIDIA GeForce RTX 3080, 99 %, 80 %, 3023 MiB, 10240 MiB, 65, 311.08 W
2025/12/18 20:18:43.325, NVIDIA GeForce RTX 3080, 98 %, 81 %, 3020 MiB, 10240 MiB, 65, 311.43 W
2025/12/18 20:18:44.325, NVIDIA GeForce RTX 3080, 98 %, 84 %, 3020 MiB, 10240 MiB, 66, 312.18 W
2025/12/18 20:18:45.325, NVIDIA GeForce RTX 3080, 98 %, 89 %, 3007 MiB, 10240 MiB, 66, 312.25 W
2025/12/18 20:18:46.326, NVIDIA GeForce RTX 3080, 99 %, 90 %, 3006 MiB, 10240 MiB, 66, 312.40 W
2025/12/18 20:18:47.326, NVIDIA GeForce RTX 3080, 98 %, 89 %, 3002 MiB, 10240 MiB, 66, 312.60 W
2025/12/18 20:18:48.326, NVIDIA GeForce RTX 3080, 99 %, 90 %, 3002 MiB, 10240 MiB, 66, 312.59 W
2025/12/18 20:18:49.326, NVIDIA GeForce RTX 3080, 99 %, 85 %, 2998 MiB, 10240 MiB, 66, 311.71 W
2025/12/18 20:18:50.326, NVIDIA GeForce RTX 3080, 98 %, 82 %, 2997 MiB, 10240 MiB, 67, 310.50 W
2025/12/18 20:18:51.326, NVIDIA GeForce RTX 3080, 99 %, 84 %, 2997 MiB, 10240 MiB, 67, 312.68 W
2025/12/18 20:18:52.326, NVIDIA GeForce RTX 3080, 98 %, 83 %, 2997 MiB, 10240 MiB, 67, 313.47 W
2025/12/18 20:18:53.327, NVIDIA GeForce RTX 3080, 98 %, 83 %, 2997 MiB, 10240 MiB, 67, 311.46 W
2025/12/18 20:18:54.327, NVIDIA GeForce RTX 3080, 99 %, 84 %, 2997 MiB, 10240 MiB, 67, 312.07 W
2025/12/18 20:18:55.327, NVIDIA GeForce RTX 3080, 99 %, 85 %, 2997 MiB, 10240 MiB, 67, 313.69 W
2025/12/18 20:18:56.327, NVIDIA GeForce RTX 3080, 99 %, 84 %, 2997 MiB, 10240 MiB, 67, 312.76 W
2025/12/18 20:18:57.327, NVIDIA GeForce RTX 3080, 99 %, 85 %, 2997 MiB, 10240 MiB, 67, 311.86 W
2025/12/18 20:18:58.327, NVIDIA GeForce RTX 3080, 98 %, 84 %, 2997 MiB, 10240 MiB, 68, 312.46 W
2025/12/18 20:18:59.328, NVIDIA GeForce RTX 3080, 99 %, 87 %, 2997 MiB, 10240 MiB, 68, 311.05 W
2025/12/18 20:19:00.328, NVIDIA GeForce RTX 3080, 98 %, 87 %, 2997 MiB, 10240 MiB, 68, 312.14 W
2025/12/18 20:19:01.328, NVIDIA GeForce RTX 3080, 99 %, 89 %, 2987 MiB, 10240 MiB, 68, 312.15 W
2025/12/18 20:19:02.328, NVIDIA GeForce RTX 3080, 98 %, 89 %, 2987 MiB, 10240 MiB, 68, 313.09 W
2025/12/18 20:19:03.328, NVIDIA GeForce RTX 3080, 99 %, 85 %, 2987 MiB, 10240 MiB, 68, 311.44 W
2025/12/18 20:19:04.328, NVIDIA GeForce RTX 3080, 99 %, 84 %, 2987 MiB, 10240 MiB, 69, 314.71 W
2025/12/18 20:19:05.329, NVIDIA GeForce RTX 3080, 99 %, 85 %, 2987 MiB, 10240 MiB, 69, 311.97 W
2025/12/18 20:19:06.329, NVIDIA GeForce RTX 3080, 99 %, 85 %, 2987 MiB, 10240 MiB, 68, 312.28 W
2025/12/18 20:19:07.329, NVIDIA GeForce RTX 3080, 99 %, 83 %, 2987 MiB, 10240 MiB, 69, 312.12 W
2025/12/18 20:19:08.329, NVIDIA GeForce RTX 3080, 99 %, 84 %, 2987 MiB, 10240 MiB, 69, 312.18 W
2025/12/18 20:19:09.329, NVIDIA GeForce RTX 3080, 98 %, 83 %, 2987 MiB, 10240 MiB, 69, 312.88 W
2025/12/18 20:19:10.329, NVIDIA GeForce RTX 3080, 99 %, 85 %, 2987 MiB, 10240 MiB, 69, 313.93 W
2025/12/18 20:19:11.330, NVIDIA GeForce RTX 3080, 98 %, 83 %, 2988 MiB, 10240 MiB, 69, 313.54 W
2025/12/18 20:19:12.330, NVIDIA GeForce RTX 3080, 98 %, 83 %, 3006 MiB, 10240 MiB, 69, 312.02 W
2025/12/18 20:19:13.330, NVIDIA GeForce RTX 3080, 98 %, 82 %, 3006 MiB, 10240 MiB, 69, 312.78 W
2025/12/18 20:19:14.330, NVIDIA GeForce RTX 3080, 99 %, 84 %, 3005 MiB, 10240 MiB, 69, 312.02 W
2025/12/18 20:19:15.330, NVIDIA GeForce RTX 3080, 99 %, 84 %, 3005 MiB, 10240 MiB, 69, 311.68 W
2025/12/18 20:19:16.330, NVIDIA GeForce RTX 3080, 98 %, 89 %, 3005 MiB, 10240 MiB, 69, 312.42 W
2025/12/18 20:19:17.330, NVIDIA GeForce RTX 3080, 98 %, 88 %, 3042 MiB, 10240 MiB, 70, 310.16 W
2025/12/18 20:19:18.331, NVIDIA GeForce RTX 3080, 98 %, 78 %, 3041 MiB, 10240 MiB, 70, 311.57 W
2025/12/18 20:19:19.331, NVIDIA GeForce RTX 3080, 99 %, 84 %, 3018 MiB, 10240 MiB, 70, 311.27 W
2025/12/18 20:19:20.331, NVIDIA GeForce RTX 3080, 98 %, 85 %, 3027 MiB, 10240 MiB, 70, 312.41 W
2025/12/18 20:19:21.331, NVIDIA GeForce RTX 3080, 99 %, 76 %, 3026 MiB, 10240 MiB, 70, 310.96 W
2025/12/18 20:19:22.331, NVIDIA GeForce RTX 3080, 98 %, 82 %, 3023 MiB, 10240 MiB, 70, 312.85 W
2025/12/18 20:19:23.331, NVIDIA GeForce RTX 3080, 99 %, 83 %, 2992 MiB, 10240 MiB, 70, 311.88 W
2025/12/18 20:19:24.331, NVIDIA GeForce RTX 3080, 99 %, 82 %, 2993 MiB, 10240 MiB, 70, 311.74 W
2025/12/18 20:19:25.332, NVIDIA GeForce RTX 3080, 98 %, 84 %, 2993 MiB, 10240 MiB, 70, 312.28 W
2025/12/18 20:19:26.332, NVIDIA GeForce RTX 3080, 98 %, 83 %, 2989 MiB, 10240 MiB, 70, 313.38 W
2025/12/18 20:19:27.332, NVIDIA GeForce RTX 3080, 98 %, 84 %, 2988 MiB, 10240 MiB, 70, 313.33 W
2025/12/18 20:19:28.332, NVIDIA GeForce RTX 3080, 99 %, 85 %, 2980 MiB, 10240 MiB, 70, 314.86 W
2025/12/18 20:19:29.332, NVIDIA GeForce RTX 3080, 99 %, 84 %, 2975 MiB, 10240 MiB, 70, 313.15 W
2025/12/18 20:19:30.332, NVIDIA GeForce RTX 3080, 98 %, 84 %, 2967 MiB, 10240 MiB, 70, 311.01 W
2025/12/18 20:19:31.332, NVIDIA GeForce RTX 3080, 98 %, 84 %, 2967 MiB, 10240 MiB, 71, 313.30 W
2025/12/18 20:19:32.333, NVIDIA GeForce RTX 3080, 99 %, 88 %, 2967 MiB, 10240 MiB, 70, 312.87 W
2025/12/18 20:19:33.333, NVIDIA GeForce RTX 3080, 98 %, 88 %, 2967 MiB, 10240 MiB, 71, 313.79 W
2025/12/18 20:19:34.333, NVIDIA GeForce RTX 3080, 98 %, 89 %, 2967 MiB, 10240 MiB, 70, 313.78 W
2025/12/18 20:19:35.333, NVIDIA GeForce RTX 3080, 98 %, 84 %, 2967 MiB, 10240 MiB, 71, 313.38 W
2025/12/18 20:19:36.333, NVIDIA GeForce RTX 3080, 99 %, 84 %, 2967 MiB, 10240 MiB, 71, 312.29 W
2025/12/18 20:19:37.333, NVIDIA GeForce RTX 3080, 98 %, 82 %, 2967 MiB, 10240 MiB, 71, 311.24 W
2025/12/18 20:19:38.334, NVIDIA GeForce RTX 3080, 98 %, 84 %, 2967 MiB, 10240 MiB, 71, 312.14 W
2025/12/18 20:19:39.334, NVIDIA GeForce RTX 3080, 98 %, 83 %, 2968 MiB, 10240 MiB, 71, 311.79 W
2025/12/18 20:19:40.334, NVIDIA GeForce RTX 3080, 99 %, 82 %, 2968 MiB, 10240 MiB, 71, 310.91 W
2025/12/18 20:19:41.334, NVIDIA GeForce RTX 3080, 98 %, 82 %, 2968 MiB, 10240 MiB, 71, 310.77 W
2025/12/18 20:19:42.334, NVIDIA GeForce RTX 3080, 97 %, 81 %, 2968 MiB, 10240 MiB, 71, 310.38 W
2025/12/18 20:19:43.334, NVIDIA GeForce RTX 3080, 97 %, 82 %, 2968 MiB, 10240 MiB, 71, 310.68 W
2025/12/18 20:19:44.334, NVIDIA GeForce RTX 3080, 98 %, 83 %, 2969 MiB, 10240 MiB, 71, 311.64 W
2025/12/18 20:19:45.335, NVIDIA GeForce RTX 3080, 99 %, 83 %, 2968 MiB, 10240 MiB, 71, 310.62 W
2025/12/18 20:19:46.335, NVIDIA GeForce RTX 3080, 99 %, 82 %, 2968 MiB, 10240 MiB, 71, 311.04 W
2025/12/18 20:19:47.335, NVIDIA GeForce RTX 3080, 98 %, 81 %, 2968 MiB, 10240 MiB, 71, 311.56 W
2025/12/18 20:19:48.335, NVIDIA GeForce RTX 3080, 98 %, 82 %, 2968 MiB, 10240 MiB, 71, 311.84 W
2025/12/18 20:19:49.335, NVIDIA GeForce RTX 3080, 98 %, 82 %, 2968 MiB, 10240 MiB, 71, 311.63 W
2025/12/18 20:19:50.335, NVIDIA GeForce RTX 3080, 99 %, 83 %, 2968 MiB, 10240 MiB, 71, 311.85 W
2025/12/18 20:19:51.335, NVIDIA GeForce RTX 3080, 99 %, 82 %, 2968 MiB, 10240 MiB, 71, 310.48 W
2025/12/18 20:19:52.336, NVIDIA GeForce RTX 3080, 99 %, 82 %, 2968 MiB, 10240 MiB, 71, 310.62 W
2025/12/18 20:19:53.336, NVIDIA GeForce RTX 3080, 99 %, 83 %, 2968 MiB, 10240 MiB, 71, 309.70 W
2025/12/18 20:19:54.336, NVIDIA GeForce RTX 3080, 99 %, 84 %, 2969 MiB, 10240 MiB, 71, 311.60 W
2025/12/18 20:19:55.336, NVIDIA GeForce RTX 3080, 98 %, 83 %, 2968 MiB, 10240 MiB, 71, 312.68 W
2025/12/18 20:19:56.336, NVIDIA GeForce RTX 3080, 99 %, 84 %, 2969 MiB, 10240 MiB, 72, 313.59 W
2025/12/18 20:19:57.336, NVIDIA GeForce RTX 3080, 98 %, 83 %, 2969 MiB, 10240 MiB, 71, 310.74 W
2025/12/18 20:19:58.337, NVIDIA GeForce RTX 3080, 99 %, 87 %, 2969 MiB, 10240 MiB, 71, 313.85 W
2025/12/18 20:19:59.337, NVIDIA GeForce RTX 3080, 99 %, 87 %, 2969 MiB, 10240 MiB, 72, 313.35 W
2025/12/18 20:20:00.337, NVIDIA GeForce RTX 3080, 98 %, 89 %, 2969 MiB, 10240 MiB, 71, 311.02 W
2025/12/18 20:20:01.337, NVIDIA GeForce RTX 3080, 99 %, 90 %, 2969 MiB, 10240 MiB, 71, 313.08 W
2025/12/18 20:20:02.337, NVIDIA GeForce RTX 3080, 99 %, 89 %, 2969 MiB, 10240 MiB, 72, 313.27 W
2025/12/18 20:20:03.337, NVIDIA GeForce RTX 3080, 99 %, 85 %, 2969 MiB, 10240 MiB, 72, 312.47 W
2025/12/18 20:20:04.337, NVIDIA GeForce RTX 3080, 99 %, 85 %, 2969 MiB, 10240 MiB, 72, 313.99 W
2025/12/18 20:20:05.338, NVIDIA GeForce RTX 3080, 98 %, 83 %, 2969 MiB, 10240 MiB, 72, 313.42 W
2025/12/18 20:20:06.338, NVIDIA GeForce RTX 3080, 98 %, 85 %, 2969 MiB, 10240 MiB, 72, 314.22 W
2025/12/18 20:20:07.338, NVIDIA GeForce RTX 3080, 98 %, 83 %, 2969 MiB, 10240 MiB, 71, 312.66 W
2025/12/18 20:20:08.338, NVIDIA GeForce RTX 3080, 99 %, 84 %, 2969 MiB, 10240 MiB, 72, 311.98 W
2025/12/18 20:20:09.338, NVIDIA GeForce RTX 3080, 98 %, 84 %, 2969 MiB, 10240 MiB, 72, 313.17 W
2025/12/18 20:20:10.338, NVIDIA GeForce RTX 3080, 98 %, 82 %, 2969 MiB, 10240 MiB, 72, 312.20 W
2025/12/18 20:20:11.338, NVIDIA GeForce RTX 3080, 99 %, 86 %, 2969 MiB, 10240 MiB, 72, 312.77 W
2025/12/18 20:20:12.339, NVIDIA GeForce RTX 3080, 99 %, 84 %, 2969 MiB, 10240 MiB, 72, 311.77 W
2025/12/18 20:20:13.339, NVIDIA GeForce RTX 3080, 99 %, 85 %, 2969 MiB, 10240 MiB, 72, 312.11 W
2025/12/18 20:20:14.339, NVIDIA GeForce RTX 3080, 98 %, 82 %, 2969 MiB, 10240 MiB, 72, 314.07 W
2025/12/18 20:20:15.339, NVIDIA GeForce RTX 3080, 99 %, 85 %, 2969 MiB, 10240 MiB, 72, 312.42 W
2025/12/18 20:20:16.339, NVIDIA GeForce RTX 3080, 99 %, 86 %, 2969 MiB, 10240 MiB, 72, 312.31 W
2025/12/18 20:20:17.339, NVIDIA GeForce RTX 3080, 97 %, 88 %, 2969 MiB, 10240 MiB, 72, 311.41 W
2025/12/18 20:20:18.340, NVIDIA GeForce RTX 3080, 98 %, 89 %, 2969 MiB, 10240 MiB, 72, 312.87 W
2025/12/18 20:20:19.340, NVIDIA GeForce RTX 3080, 98 %, 88 %, 2962 MiB, 10240 MiB, 72, 312.65 W
2025/12/18 20:20:20.340, NVIDIA GeForce RTX 3080, 99 %, 85 %, 2962 MiB, 10240 MiB, 72, 311.72 W
2025/12/18 20:20:21.340, NVIDIA GeForce RTX 3080, 98 %, 83 %, 2962 MiB, 10240 MiB, 72, 310.92 W
2025/12/18 20:20:22.340, NVIDIA GeForce RTX 3080, 99 %, 84 %, 2962 MiB, 10240 MiB, 72, 312.76 W
2025/12/18 20:20:23.340, NVIDIA GeForce RTX 3080, 99 %, 82 %, 2962 MiB, 10240 MiB, 72, 312.42 W
2025/12/18 20:20:24.340, NVIDIA GeForce RTX 3080, 98 %, 83 %, 2962 MiB, 10240 MiB, 72, 312.32 W
2025/12/18 20:20:25.341, NVIDIA GeForce RTX 3080, 98 %, 83 %, 2962 MiB, 10240 MiB, 72, 311.15 W
2025/12/18 20:20:26.341, NVIDIA GeForce RTX 3080, 98 %, 81 %, 2962 MiB, 10240 MiB, 72, 312.29 W
2025/12/18 20:20:27.341, NVIDIA GeForce RTX 3080, 98 %, 82 %, 2962 MiB, 10240 MiB, 72, 313.05 W
2025/12/18 20:20:28.341, NVIDIA GeForce RTX 3080, 99 %, 83 %, 2962 MiB, 10240 MiB, 72, 312.17 W
2025/12/18 20:20:29.341, NVIDIA GeForce RTX 3080, 99 %, 88 %, 2979 MiB, 10240 MiB, 72, 311.36 W
2025/12/18 20:20:30.341, NVIDIA GeForce RTX 3080, 98 %, 88 %, 2981 MiB, 10240 MiB, 72, 311.55 W
2025/12/18 20:20:31.342, NVIDIA GeForce RTX 3080, 98 %, 88 %, 3005 MiB, 10240 MiB, 72, 313.65 W
2025/12/18 20:20:32.342, NVIDIA GeForce RTX 3080, 98 %, 77 %, 3024 MiB, 10240 MiB, 72, 312.15 W
2025/12/18 20:20:33.342, NVIDIA GeForce RTX 3080, 99 %, 90 %, 3019 MiB, 10240 MiB, 72, 312.50 W
2025/12/18 20:20:34.342, NVIDIA GeForce RTX 3080, 99 %, 85 %, 3016 MiB, 10240 MiB, 72, 312.95 W
2025/12/18 20:20:35.342, NVIDIA GeForce RTX 3080, 98 %, 82 %, 3018 MiB, 10240 MiB, 72, 312.01 W
2025/12/18 20:20:36.342, NVIDIA GeForce RTX 3080, 98 %, 83 %, 3017 MiB, 10240 MiB, 72, 312.22 W
2025/12/18 20:20:37.342, NVIDIA GeForce RTX 3080, 98 %, 83 %, 2987 MiB, 10240 MiB, 72, 313.37 W
2025/12/18 20:20:38.343, NVIDIA GeForce RTX 3080, 99 %, 85 %, 2987 MiB, 10240 MiB, 72, 312.00 W
2025/12/18 20:20:39.343, NVIDIA GeForce RTX 3080, 98 %, 84 %, 2987 MiB, 10240 MiB, 72, 312.72 W
2025/12/18 20:20:40.343, NVIDIA GeForce RTX 3080, 99 %, 85 %, 2976 MiB, 10240 MiB, 73, 311.44 W
2025/12/18 20:20:41.343, NVIDIA GeForce RTX 3080, 98 %, 83 %, 2976 MiB, 10240 MiB, 72, 312.29 W
2025/12/18 20:20:42.343, NVIDIA GeForce RTX 3080, 99 %, 84 %, 2976 MiB, 10240 MiB, 72, 312.41 W
2025/12/18 20:20:43.343, NVIDIA GeForce RTX 3080, 99 %, 87 %, 2976 MiB, 10240 MiB, 73, 312.04 W
2025/12/18 20:20:44.344, NVIDIA GeForce RTX 3080, 97 %, 84 %, 2976 MiB, 10240 MiB, 72, 313.70 W
2025/12/18 20:20:45.344, NVIDIA GeForce RTX 3080, 99 %, 90 %, 2976 MiB, 10240 MiB, 73, 313.79 W
2025/12/18 20:20:46.344, NVIDIA GeForce RTX 3080, 98 %, 89 %, 2976 MiB, 10240 MiB, 72, 313.63 W
2025/12/18 20:20:47.344, NVIDIA GeForce RTX 3080, 98 %, 89 %, 2976 MiB, 10240 MiB, 72, 314.38 W
2025/12/18 20:20:48.344, NVIDIA GeForce RTX 3080, 98 %, 82 %, 2976 MiB, 10240 MiB, 72, 311.01 W
2025/12/18 20:20:49.344, NVIDIA GeForce RTX 3080, 98 %, 84 %, 2976 MiB, 10240 MiB, 73, 312.17 W
2025/12/18 20:20:50.345, NVIDIA GeForce RTX 3080, 99 %, 86 %, 2976 MiB, 10240 MiB, 73, 314.03 W
2025/12/18 20:20:51.345, NVIDIA GeForce RTX 3080, 98 %, 81 %, 2975 MiB, 10240 MiB, 73, 312.64 W
2025/12/18 20:20:52.345, NVIDIA GeForce RTX 3080, 99 %, 82 %, 2975 MiB, 10240 MiB, 73, 310.90 W
2025/12/18 20:20:53.345, NVIDIA GeForce RTX 3080, 99 %, 82 %, 2976 MiB, 10240 MiB, 72, 310.65 W
2025/12/18 20:20:54.345, NVIDIA GeForce RTX 3080, 99 %, 81 %, 2975 MiB, 10240 MiB, 73, 310.56 W
2025/12/18 20:20:55.345, NVIDIA GeForce RTX 3080, 99 %, 82 %, 2975 MiB, 10240 MiB, 73, 310.91 W
2025/12/18 20:20:56.345, NVIDIA GeForce RTX 3080, 99 %, 84 %, 2975 MiB, 10240 MiB, 72, 310.29 W
2025/12/18 20:20:57.346, NVIDIA GeForce RTX 3080, 98 %, 84 %, 2975 MiB, 10240 MiB, 72, 310.12 W
2025/12/18 20:20:58.346, NVIDIA GeForce RTX 3080, 99 %, 83 %, 2976 MiB, 10240 MiB, 73, 311.39 W
2025/12/18 20:20:59.346, NVIDIA GeForce RTX 3080, 98 %, 82 %, 2975 MiB, 10240 MiB, 73, 312.41 W
2025/12/18 20:21:00.346, NVIDIA GeForce RTX 3080, 99 %, 84 %, 2975 MiB, 10240 MiB, 73, 311.47 W
2025/12/18 20:21:01.346, NVIDIA GeForce RTX 3080, 99 %, 83 %, 2975 MiB, 10240 MiB, 73, 310.02 W
2025/12/18 20:21:02.346, NVIDIA GeForce RTX 3080, 98 %, 82 %, 2975 MiB, 10240 MiB, 73, 311.15 W
2025/12/18 20:21:03.346, NVIDIA GeForce RTX 3080, 98 %, 83 %, 2975 MiB, 10240 MiB, 73, 311.48 W
2025/12/18 20:21:04.347, NVIDIA GeForce RTX 3080, 98 %, 83 %, 2975 MiB, 10240 MiB, 73, 310.88 W
2025/12/18 20:21:05.347, NVIDIA GeForce RTX 3080, 99 %, 83 %, 2975 MiB, 10240 MiB, 73, 309.64 W
2025/12/18 20:21:06.347, NVIDIA GeForce RTX 3080, 98 %, 81 %, 2975 MiB, 10240 MiB, 73, 310.55 W
2025/12/18 20:21:07.347, NVIDIA GeForce RTX 3080, 98 %, 81 %, 2975 MiB, 10240 MiB, 73, 311.56 W
2025/12/18 20:21:08.347, NVIDIA GeForce RTX 3080, 98 %, 81 %, 2971 MiB, 10240 MiB, 73, 311.20 W
2025/12/18 20:21:09.347, NVIDIA GeForce RTX 3080, 98 %, 82 %, 2971 MiB, 10240 MiB, 73, 312.27 W
2025/12/18 20:21:10.348, NVIDIA GeForce RTX 3080, 99 %, 83 %, 2971 MiB, 10240 MiB, 73, 311.24 W
2025/12/18 20:21:11.348, NVIDIA GeForce RTX 3080, 98 %, 82 %, 2971 MiB, 10240 MiB, 73, 311.57 W
2025/12/18 20:21:12.348, NVIDIA GeForce RTX 3080, 98 %, 82 %, 2971 MiB, 10240 MiB, 73, 311.44 W
2025/12/18 20:21:13.348, NVIDIA GeForce RTX 3080, 98 %, 83 %, 2972 MiB, 10240 MiB, 73, 311.18 W
2025/12/18 20:21:14.348, NVIDIA GeForce RTX 3080, 99 %, 90 %, 2971 MiB, 10240 MiB, 73, 312.89 W
2025/12/18 20:21:15.348, NVIDIA GeForce RTX 3080, 98 %, 88 %, 2971 MiB, 10240 MiB, 73, 313.74 W
2025/12/18 20:21:16.348, NVIDIA GeForce RTX 3080, 98 %, 89 %, 2971 MiB, 10240 MiB, 73, 312.38 W
2025/12/18 20:21:17.349, NVIDIA GeForce RTX 3080, 99 %, 89 %, 2971 MiB, 10240 MiB, 73, 314.32 W
2025/12/18 20:21:18.349, NVIDIA GeForce RTX 3080, 98 %, 83 %, 2971 MiB, 10240 MiB, 73, 312.01 W
2025/12/18 20:21:19.349, NVIDIA GeForce RTX 3080, 99 %, 84 %, 2971 MiB, 10240 MiB, 73, 312.22 W
2025/12/18 20:21:20.349, NVIDIA GeForce RTX 3080, 98 %, 81 %, 2971 MiB, 10240 MiB, 73, 313.06 W
2025/12/18 20:21:21.349, NVIDIA GeForce RTX 3080, 99 %, 86 %, 2971 MiB, 10240 MiB, 73, 312.14 W
2025/12/18 20:21:22.349, NVIDIA GeForce RTX 3080, 99 %, 84 %, 2971 MiB, 10240 MiB, 73, 312.61 W
2025/12/18 20:21:23.350, NVIDIA GeForce RTX 3080, 99 %, 84 %, 2972 MiB, 10240 MiB, 73, 313.73 W
2025/12/18 20:21:24.350, NVIDIA GeForce RTX 3080, 99 %, 86 %, 2972 MiB, 10240 MiB, 73, 313.13 W
2025/12/18 20:21:25.350, NVIDIA GeForce RTX 3080, 99 %, 85 %, 2972 MiB, 10240 MiB, 73, 312.88 W
2025/12/18 20:21:26.350, NVIDIA GeForce RTX 3080, 98 %, 83 %, 2972 MiB, 10240 MiB, 73, 313.04 W
2025/12/18 20:21:27.350, NVIDIA GeForce RTX 3080, 99 %, 84 %, 2972 MiB, 10240 MiB, 73, 313.79 W
2025/12/18 20:21:28.350, NVIDIA GeForce RTX 3080, 99 %, 84 %, 2972 MiB, 10240 MiB, 73, 312.69 W
2025/12/18 20:21:29.350, NVIDIA GeForce RTX 3080, 98 %, 83 %, 2972 MiB, 10240 MiB, 73, 310.99 W
2025/12/18 20:21:30.351, NVIDIA GeForce RTX 3080, 99 %, 87 %, 2972 MiB, 10240 MiB, 73, 314.48 W
2025/12/18 20:21:31.351, NVIDIA GeForce RTX 3080, 98 %, 87 %, 2972 MiB, 10240 MiB, 73, 310.89 W
2025/12/18 20:21:32.351, NVIDIA GeForce RTX 3080, 98 %, 88 %, 2972 MiB, 10240 MiB, 72, 313.03 W
2025/12/18 20:21:33.351, NVIDIA GeForce RTX 3080, 98 %, 87 %, 2972 MiB, 10240 MiB, 73, 312.36 W
2025/12/18 20:21:34.351, NVIDIA GeForce RTX 3080, 99 %, 88 %, 2972 MiB, 10240 MiB, 72, 312.63 W
2025/12/18 20:21:35.351, NVIDIA GeForce RTX 3080, 98 %, 80 %, 2972 MiB, 10240 MiB, 73, 312.40 W
2025/12/18 20:21:36.352, NVIDIA GeForce RTX 3080, 98 %, 84 %, 2972 MiB, 10240 MiB, 72, 311.72 W
2025/12/18 20:21:37.352, NVIDIA GeForce RTX 3080, 99 %, 86 %, 2972 MiB, 10240 MiB, 73, 311.82 W
2025/12/18 20:21:38.352, NVIDIA GeForce RTX 3080, 99 %, 83 %, 2972 MiB, 10240 MiB, 72, 312.26 W
2025/12/18 20:21:39.352, NVIDIA GeForce RTX 3080, 99 %, 85 %, 2972 MiB, 10240 MiB, 73, 313.56 W
2025/12/18 20:21:40.352, NVIDIA GeForce RTX 3080, 99 %, 83 %, 2972 MiB, 10240 MiB, 73, 313.41 W
2025/12/18 20:21:41.352, NVIDIA GeForce RTX 3080, 98 %, 84 %, 2972 MiB, 10240 MiB, 72, 311.70 W
2025/12/18 20:21:42.352, NVIDIA GeForce RTX 3080, 98 %, 85 %, 2972 MiB, 10240 MiB, 72, 311.61 W
2025/12/18 20:21:43.353, NVIDIA GeForce RTX 3080, 99 %, 85 %, 2972 MiB, 10240 MiB, 72, 313.18 W
2025/12/18 20:21:44.353, NVIDIA GeForce RTX 3080, 99 %, 88 %, 2972 MiB, 10240 MiB, 72, 312.83 W
2025/12/18 20:21:45.353, NVIDIA GeForce RTX 3080, 99 %, 90 %, 2972 MiB, 10240 MiB, 72, 311.66 W
2025/12/18 20:21:46.353, NVIDIA GeForce RTX 3080, 98 %, 88 %, 2972 MiB, 10240 MiB, 72, 312.13 W
2025/12/18 20:21:47.353, NVIDIA GeForce RTX 3080, 98 %, 87 %, 2972 MiB, 10240 MiB, 72, 313.78 W
2025/12/18 20:21:48.353, NVIDIA GeForce RTX 3080, 98 %, 83 %, 2972 MiB, 10240 MiB, 72, 312.07 W
2025/12/18 20:21:49.353, NVIDIA GeForce RTX 3080, 98 %, 84 %, 2972 MiB, 10240 MiB, 72, 310.97 W
2025/12/18 20:21:50.354, NVIDIA GeForce RTX 3080, 98 %, 84 %, 2971 MiB, 10240 MiB, 72, 312.09 W
2025/12/18 20:21:51.354, NVIDIA GeForce RTX 3080, 98 %, 82 %, 2971 MiB, 10240 MiB, 72, 311.92 W
2025/12/18 20:21:52.354, NVIDIA GeForce RTX 3080, 98 %, 82 %, 2971 MiB, 10240 MiB, 72, 311.76 W
2025/12/18 20:21:53.354, NVIDIA GeForce RTX 3080, 99 %, 82 %, 2972 MiB, 10240 MiB, 72, 312.32 W
2025/12/18 20:21:54.354, NVIDIA GeForce RTX 3080, 98 %, 80 %, 2971 MiB, 10240 MiB, 72, 310.63 W
2025/12/18 20:21:55.354, NVIDIA GeForce RTX 3080, 97 %, 80 %, 2971 MiB, 10240 MiB, 72, 311.07 W
2025/12/18 20:21:56.354, NVIDIA GeForce RTX 3080, 99 %, 82 %, 2971 MiB, 10240 MiB, 72, 312.22 W
2025/12/18 20:21:57.355, NVIDIA GeForce RTX 3080, 98 %, 83 %, 2971 MiB, 10240 MiB, 72, 311.49 W
2025/12/18 20:21:58.355, NVIDIA GeForce RTX 3080, 99 %, 84 %, 2971 MiB, 10240 MiB, 72, 311.04 W
2025/12/18 20:21:59.355, NVIDIA GeForce RTX 3080, 99 %, 84 %, 2972 MiB, 10240 MiB, 72, 311.18 W
2025/12/18 20:22:00.355, NVIDIA GeForce RTX 3080, 98 %, 86 %, 2971 MiB, 10240 MiB, 72, 311.10 W
2025/12/18 20:22:01.355, NVIDIA GeForce RTX 3080, 98 %, 82 %, 2971 MiB, 10240 MiB, 72, 311.42 W
2025/12/18 20:22:02.355, NVIDIA GeForce RTX 3080, 98 %, 82 %, 2971 MiB, 10240 MiB, 71, 311.53 W
2025/12/18 20:22:03.355, NVIDIA GeForce RTX 3080, 99 %, 82 %, 2971 MiB, 10240 MiB, 71, 310.98 W
2025/12/18 20:22:04.356, NVIDIA GeForce RTX 3080, 99 %, 82 %, 2971 MiB, 10240 MiB, 71, 310.41 W
2025/12/18 20:22:05.356, NVIDIA GeForce RTX 3080, 99 %, 83 %, 2971 MiB, 10240 MiB, 71, 310.82 W
2025/12/18 20:22:06.356, NVIDIA GeForce RTX 3080, 99 %, 81 %, 2971 MiB, 10240 MiB, 72, 311.55 W
2025/12/18 20:22:07.356, NVIDIA GeForce RTX 3080, 99 %, 81 %, 2971 MiB, 10240 MiB, 71, 311.70 W
2025/12/18 20:22:08.356, NVIDIA GeForce RTX 3080, 97 %, 81 %, 2971 MiB, 10240 MiB, 71, 311.79 W
2025/12/18 20:22:09.356, NVIDIA GeForce RTX 3080, 98 %, 81 %, 2971 MiB, 10240 MiB, 71, 310.82 W
2025/12/18 20:22:10.357, NVIDIA GeForce RTX 3080, 98 %, 81 %, 2971 MiB, 10240 MiB, 71, 309.65 W
2025/12/18 20:22:11.357, NVIDIA GeForce RTX 3080, 97 %, 81 %, 2971 MiB, 10240 MiB, 71, 310.04 W
2025/12/18 20:22:12.357, NVIDIA GeForce RTX 3080, 98 %, 83 %, 2972 MiB, 10240 MiB, 71, 311.83 W
2025/12/18 20:22:13.357, NVIDIA GeForce RTX 3080, 98 %, 89 %, 2971 MiB, 10240 MiB, 71, 310.56 W
2025/12/18 20:22:14.357, NVIDIA GeForce RTX 3080, 98 %, 88 %, 2971 MiB, 10240 MiB, 71, 311.73 W
2025/12/18 20:22:15.357, NVIDIA GeForce RTX 3080, 99 %, 84 %, 2971 MiB, 10240 MiB, 71, 312.14 W
2025/12/18 20:22:16.357, NVIDIA GeForce RTX 3080, 98 %, 89 %, 2971 MiB, 10240 MiB, 71, 312.03 W
2025/12/18 20:22:17.358, NVIDIA GeForce RTX 3080, 98 %, 89 %, 2971 MiB, 10240 MiB, 71, 313.78 W
2025/12/18 20:22:18.358, NVIDIA GeForce RTX 3080, 98 %, 81 %, 2971 MiB, 10240 MiB, 71, 310.28 W
2025/12/18 20:22:19.358, NVIDIA GeForce RTX 3080, 99 %, 85 %, 2971 MiB, 10240 MiB, 71, 310.89 W
2025/12/18 20:22:20.358, NVIDIA GeForce RTX 3080, 98 %, 84 %, 2971 MiB, 10240 MiB, 71, 311.65 W
2025/12/18 20:22:21.358, NVIDIA GeForce RTX 3080, 98 %, 84 %, 2971 MiB, 10240 MiB, 71, 313.44 W
2025/12/18 20:22:22.358, NVIDIA GeForce RTX 3080, 98 %, 84 %, 2971 MiB, 10240 MiB, 71, 312.81 W
2025/12/18 20:22:23.358, NVIDIA GeForce RTX 3080, 98 %, 83 %, 2971 MiB, 10240 MiB, 71, 312.15 W
2025/12/18 20:22:24.358, NVIDIA GeForce RTX 3080, 98 %, 85 %, 2971 MiB, 10240 MiB, 71, 311.17 W
2025/12/18 20:22:25.359, NVIDIA GeForce RTX 3080, 98 %, 84 %, 2971 MiB, 10240 MiB, 71, 310.58 W
2025/12/18 20:22:26.359, NVIDIA GeForce RTX 3080, 97 %, 82 %, 2971 MiB, 10240 MiB, 71, 310.46 W
2025/12/18 20:22:27.359, NVIDIA GeForce RTX 3080, 97 %, 85 %, 2971 MiB, 10240 MiB, 70, 310.55 W
2025/12/18 20:22:28.359, NVIDIA GeForce RTX 3080, 97 %, 86 %, 2971 MiB, 10240 MiB, 71, 311.46 W
2025/12/18 20:22:29.359, NVIDIA GeForce RTX 3080, 97 %, 87 %, 2971 MiB, 10240 MiB, 70, 310.08 W
2025/12/18 20:22:30.359, NVIDIA GeForce RTX 3080, 98 %, 89 %, 2971 MiB, 10240 MiB, 71, 311.81 W
2025/12/18 20:22:31.360, NVIDIA GeForce RTX 3080, 97 %, 88 %, 2971 MiB, 10240 MiB, 71, 312.74 W
2025/12/18 20:22:32.360, NVIDIA GeForce RTX 3080, 98 %, 88 %, 2965 MiB, 10240 MiB, 71, 311.72 W
2025/12/18 20:22:33.360, NVIDIA GeForce RTX 3080, 98 %, 90 %, 2965 MiB, 10240 MiB, 71, 311.07 W
2025/12/18 20:22:34.360, NVIDIA GeForce RTX 3080, 98 %, 89 %, 2965 MiB, 10240 MiB, 70, 313.55 W
2025/12/18 20:22:35.360, NVIDIA GeForce RTX 3080, 99 %, 85 %, 2967 MiB, 10240 MiB, 70, 312.15 W
2025/12/18 20:22:36.360, NVIDIA GeForce RTX 3080, 98 %, 83 %, 2967 MiB, 10240 MiB, 70, 311.73 W
2025/12/18 20:22:37.361, NVIDIA GeForce RTX 3080, 99 %, 86 %, 2967 MiB, 10240 MiB, 70, 312.09 W
2025/12/18 20:22:38.361, NVIDIA GeForce RTX 3080, 99 %, 83 %, 2967 MiB, 10240 MiB, 70, 312.25 W
2025/12/18 20:22:39.361, NVIDIA GeForce RTX 3080, 99 %, 86 %, 2967 MiB, 10240 MiB, 71, 312.85 W
2025/12/18 20:22:40.361, NVIDIA GeForce RTX 3080, 98 %, 83 %, 2967 MiB, 10240 MiB, 71, 310.72 W
2025/12/18 20:22:41.361, NVIDIA GeForce RTX 3080, 99 %, 85 %, 2967 MiB, 10240 MiB, 71, 312.66 W
2025/12/18 20:22:42.361, NVIDIA GeForce RTX 3080, 98 %, 84 %, 2967 MiB, 10240 MiB, 70, 312.48 W
2025/12/18 20:22:43.361, NVIDIA GeForce RTX 3080, 99 %, 87 %, 2967 MiB, 10240 MiB, 71, 313.52 W
2025/12/18 20:22:44.362, NVIDIA GeForce RTX 3080, 99 %, 89 %, 2968 MiB, 10240 MiB, 70, 311.40 W
2025/12/18 20:22:45.362, NVIDIA GeForce RTX 3080, 99 %, 89 %, 3005 MiB, 10240 MiB, 70, 312.67 W
2025/12/18 20:22:46.362, NVIDIA GeForce RTX 3080, 99 %, 78 %, 3006 MiB, 10240 MiB, 70, 309.95 W
2025/12/18 20:22:47.362, NVIDIA GeForce RTX 3080, 98 %, 83 %, 3006 MiB, 10240 MiB, 70, 311.55 W
2025/12/18 20:22:48.362, NVIDIA GeForce RTX 3080, 98 %, 88 %, 3002 MiB, 10240 MiB, 70, 311.10 W
2025/12/18 20:22:49.362, NVIDIA GeForce RTX 3080, 99 %, 83 %, 3003 MiB, 10240 MiB, 70, 312.52 W
2025/12/18 20:22:50.362, NVIDIA GeForce RTX 3080, 98 %, 85 %, 3000 MiB, 10240 MiB, 70, 311.30 W
2025/12/18 20:22:51.363, NVIDIA GeForce RTX 3080, 98 %, 83 %, 2971 MiB, 10240 MiB, 70, 311.84 W
2025/12/18 20:22:52.363, NVIDIA GeForce RTX 3080, 98 %, 85 %, 2968 MiB, 10240 MiB, 70, 312.13 W
2025/12/18 20:22:53.363, NVIDIA GeForce RTX 3080, 99 %, 84 %, 2968 MiB, 10240 MiB, 70, 313.02 W
2025/12/18 20:22:54.363, NVIDIA GeForce RTX 3080, 98 %, 83 %, 2967 MiB, 10240 MiB, 70, 310.75 W
2025/12/18 20:22:55.363, NVIDIA GeForce RTX 3080, 99 %, 83 %, 2969 MiB, 10240 MiB, 70, 310.76 W
2025/12/18 20:22:56.363, NVIDIA GeForce RTX 3080, 97 %, 82 %, 2969 MiB, 10240 MiB, 70, 309.89 W
2025/12/18 20:22:57.364, NVIDIA GeForce RTX 3080, 98 %, 84 %, 2963 MiB, 10240 MiB, 70, 310.35 W
2025/12/18 20:22:58.364, NVIDIA GeForce RTX 3080, 98 %, 82 %, 2963 MiB, 10240 MiB, 70, 310.32 W
2025/12/18 20:22:59.364, NVIDIA GeForce RTX 3080, 98 %, 82 %, 2963 MiB, 10240 MiB, 70, 310.99 W
2025/12/18 20:23:00.364, NVIDIA GeForce RTX 3080, 98 %, 82 %, 2963 MiB, 10240 MiB, 70, 310.56 W
2025/12/18 20:23:01.364, NVIDIA GeForce RTX 3080, 98 %, 82 %, 2963 MiB, 10240 MiB, 70, 312.46 W
2025/12/18 20:23:02.364, NVIDIA GeForce RTX 3080, 98 %, 82 %, 2965 MiB, 10240 MiB, 70, 312.05 W
2025/12/18 20:23:03.365, NVIDIA GeForce RTX 3080, 99 %, 84 %, 2966 MiB, 10240 MiB, 70, 310.89 W
2025/12/18 20:23:04.365, NVIDIA GeForce RTX 3080, 99 %, 82 %, 2965 MiB, 10240 MiB, 70, 309.63 W
2025/12/18 20:23:05.365, NVIDIA GeForce RTX 3080, 99 %, 83 %, 2965 MiB, 10240 MiB, 70, 310.33 W
2025/12/18 20:23:06.365, NVIDIA GeForce RTX 3080, 99 %, 82 %, 2965 MiB, 10240 MiB, 70, 310.37 W
2025/12/18 20:23:07.365, NVIDIA GeForce RTX 3080, 98 %, 81 %, 3013 MiB, 10240 MiB, 70, 309.34 W
2025/12/18 20:23:08.365, NVIDIA GeForce RTX 3080, 98 %, 82 %, 3016 MiB, 10240 MiB, 70, 309.86 W
2025/12/18 20:23:09.365, NVIDIA GeForce RTX 3080, 99 %, 78 %, 3014 MiB, 10240 MiB, 70, 311.08 W
2025/12/18 20:23:10.366, NVIDIA GeForce RTX 3080, 98 %, 81 %, 3014 MiB, 10240 MiB, 70, 309.90 W
2025/12/18 20:23:11.366, NVIDIA GeForce RTX 3080, 98 %, 84 %, 3013 MiB, 10240 MiB, 70, 311.51 W
2025/12/18 20:23:12.366, NVIDIA GeForce RTX 3080, 98 %, 83 %, 3005 MiB, 10240 MiB, 70, 310.38 W
2025/12/18 20:23:13.366, NVIDIA GeForce RTX 3080, 98 %, 81 %, 2995 MiB, 10240 MiB, 70, 311.33 W
2025/12/18 20:23:14.366, NVIDIA GeForce RTX 3080, 99 %, 83 %, 2996 MiB, 10240 MiB, 70, 312.68 W
2025/12/18 20:23:15.366, NVIDIA GeForce RTX 3080, 98 %, 89 %, 2995 MiB, 10240 MiB, 70, 312.46 W
2025/12/18 20:23:16.366, NVIDIA GeForce RTX 3080, 99 %, 90 %, 2995 MiB, 10240 MiB, 70, 312.49 W
2025/12/18 20:23:17.367, NVIDIA GeForce RTX 3080, 99 %, 90 %, 2989 MiB, 10240 MiB, 70, 313.32 W
2025/12/18 20:23:18.367, NVIDIA GeForce RTX 3080, 98 %, 88 %, 2979 MiB, 10240 MiB, 70, 312.80 W
2025/12/18 20:23:19.367, NVIDIA GeForce RTX 3080, 98 %, 88 %, 2979 MiB, 10240 MiB, 70, 314.03 W
2025/12/18 20:23:20.367, NVIDIA GeForce RTX 3080, 98 %, 90 %, 2979 MiB, 10240 MiB, 70, 312.73 W
2025/12/18 20:23:21.367, NVIDIA GeForce RTX 3080, 98 %, 88 %, 2979 MiB, 10240 MiB, 70, 311.73 W
2025/12/18 20:23:22.367, NVIDIA GeForce RTX 3080, 98 %, 88 %, 3156 MiB, 10240 MiB, 70, 310.37 W
2025/12/18 20:23:23.368, NVIDIA GeForce RTX 3080, 98 %, 85 %, 3125 MiB, 10240 MiB, 70, 310.18 W
2025/12/18 20:23:24.368, NVIDIA GeForce RTX 3080, 98 %, 83 %, 3125 MiB, 10240 MiB, 70, 310.68 W
2025/12/18 20:23:25.368, NVIDIA GeForce RTX 3080, 99 %, 89 %, 3124 MiB, 10240 MiB, 70, 312.58 W
2025/12/18 20:23:26.368, NVIDIA GeForce RTX 3080, 99 %, 90 %, 3124 MiB, 10240 MiB, 70, 314.05 W
2025/12/18 20:23:27.368, NVIDIA GeForce RTX 3080, 98 %, 88 %, 3123 MiB, 10240 MiB, 70, 312.03 W
2025/12/18 20:23:28.368, NVIDIA GeForce RTX 3080, 98 %, 88 %, 3030 MiB, 10240 MiB, 70, 312.81 W
2025/12/18 20:23:29.368, NVIDIA GeForce RTX 3080, 98 %, 83 %, 3016 MiB, 10240 MiB, 70, 311.76 W
2025/12/18 20:23:30.369, NVIDIA GeForce RTX 3080, 99 %, 90 %, 3016 MiB, 10240 MiB, 70, 311.89 W
2025/12/18 20:23:31.369, NVIDIA GeForce RTX 3080, 98 %, 87 %, 3008 MiB, 10240 MiB, 70, 312.17 W
2025/12/18 20:23:32.369, NVIDIA GeForce RTX 3080, 98 %, 88 %, 3008 MiB, 10240 MiB, 70, 313.72 W
2025/12/18 20:23:33.369, NVIDIA GeForce RTX 3080, 99 %, 90 %, 3008 MiB, 10240 MiB, 70, 312.37 W
2025/12/18 20:23:34.369, NVIDIA GeForce RTX 3080, 99 %, 89 %, 3016 MiB, 10240 MiB, 70, 311.27 W
2025/12/18 20:23:35.369, NVIDIA GeForce RTX 3080, 99 %, 89 %, 3016 MiB, 10240 MiB, 70, 310.61 W
2025/12/18 20:23:36.369, NVIDIA GeForce RTX 3080, 98 %, 89 %, 3016 MiB, 10240 MiB, 70, 313.87 W
2025/12/18 20:23:37.370, NVIDIA GeForce RTX 3080, 98 %, 88 %, 3016 MiB, 10240 MiB, 70, 313.01 W
2025/12/18 20:23:38.370, NVIDIA GeForce RTX 3080, 99 %, 85 %, 3016 MiB, 10240 MiB, 70, 311.13 W
2025/12/18 20:23:39.370, NVIDIA GeForce RTX 3080, 98 %, 85 %, 3015 MiB, 10240 MiB, 70, 313.55 W
2025/12/18 20:23:40.370, NVIDIA GeForce RTX 3080, 98 %, 86 %, 3016 MiB, 10240 MiB, 70, 311.63 W
2025/12/18 20:23:41.370, NVIDIA GeForce RTX 3080, 98 %, 89 %, 3016 MiB, 10240 MiB, 70, 315.21 W
2025/12/18 20:23:42.370, NVIDIA GeForce RTX 3080, 98 %, 89 %, 3016 MiB, 10240 MiB, 70, 313.60 W
2025/12/18 20:23:43.371, NVIDIA GeForce RTX 3080, 98 %, 88 %, 3016 MiB, 10240 MiB, 70, 313.25 W
2025/12/18 20:23:44.371, NVIDIA GeForce RTX 3080, 98 %, 89 %, 3016 MiB, 10240 MiB, 70, 313.04 W
2025/12/18 20:23:45.371, NVIDIA GeForce RTX 3080, 99 %, 90 %, 3016 MiB, 10240 MiB, 70, 314.02 W
2025/12/18 20:23:46.371, NVIDIA GeForce RTX 3080, 99 %, 90 %, 3016 MiB, 10240 MiB, 70, 314.47 W
2025/12/18 20:23:47.371, NVIDIA GeForce RTX 3080, 98 %, 88 %, 3004 MiB, 10240 MiB, 70, 312.11 W
2025/12/18 20:23:48.371, NVIDIA GeForce RTX 3080, 98 %, 88 %, 3004 MiB, 10240 MiB, 70, 313.11 W
2025/12/18 20:23:49.372, NVIDIA GeForce RTX 3080, 99 %, 89 %, 3004 MiB, 10240 MiB, 70, 312.89 W
2025/12/18 20:23:50.372, NVIDIA GeForce RTX 3080, 99 %, 90 %, 3004 MiB, 10240 MiB, 70, 313.68 W
2025/12/18 20:23:51.372, NVIDIA GeForce RTX 3080, 98 %, 89 %, 3004 MiB, 10240 MiB, 70, 312.98 W
2025/12/18 20:23:52.372, NVIDIA GeForce RTX 3080, 98 %, 88 %, 3004 MiB, 10240 MiB, 70, 313.24 W
2025/12/18 20:23:53.372, NVIDIA GeForce RTX 3080, 98 %, 89 %, 3004 MiB, 10240 MiB, 70, 313.78 W
2025/12/18 20:23:54.372, NVIDIA GeForce RTX 3080, 99 %, 90 %, 3004 MiB, 10240 MiB, 70, 313.26 W
2025/12/18 20:23:55.372, NVIDIA GeForce RTX 3080, 99 %, 90 %, 3004 MiB, 10240 MiB, 70, 313.92 W
2025/12/18 20:23:56.373, NVIDIA GeForce RTX 3080, 98 %, 89 %, 3004 MiB, 10240 MiB, 70, 312.99 W
2025/12/18 20:23:57.373, NVIDIA GeForce RTX 3080, 98 %, 88 %, 3004 MiB, 10240 MiB, 70, 313.05 W
2025/12/18 20:23:58.373, NVIDIA GeForce RTX 3080, 99 %, 85 %, 3007 MiB, 10240 MiB, 70, 311.32 W
2025/12/18 20:23:59.373, NVIDIA GeForce RTX 3080, 98 %, 83 %, 3035 MiB, 10240 MiB, 70, 310.77 W
2025/12/18 20:24:00.373, NVIDIA GeForce RTX 3080, 98 %, 83 %, 3036 MiB, 10240 MiB, 70, 313.21 W
2025/12/18 20:24:01.373, NVIDIA GeForce RTX 3080, 99 %, 90 %, 3035 MiB, 10240 MiB, 70, 313.94 W
2025/12/18 20:24:02.373, NVIDIA GeForce RTX 3080, 98 %, 84 %, 3036 MiB, 10240 MiB, 70, 311.66 W
2025/12/18 20:24:03.374, NVIDIA GeForce RTX 3080, 98 %, 84 %, 3041 MiB, 10240 MiB, 70, 310.91 W
2025/12/18 20:24:04.374, NVIDIA GeForce RTX 3080, 98 %, 82 %, 3043 MiB, 10240 MiB, 70, 311.75 W
2025/12/18 20:24:05.374, NVIDIA GeForce RTX 3080, 98 %, 84 %, 3047 MiB, 10240 MiB, 70, 310.82 W
2025/12/18 20:24:06.374, NVIDIA GeForce RTX 3080, 98 %, 88 %, 3042 MiB, 10240 MiB, 70, 313.38 W
2025/12/18 20:24:07.374, NVIDIA GeForce RTX 3080, 98 %, 84 %, 3045 MiB, 10240 MiB, 70, 310.03 W
2025/12/18 20:24:08.374, NVIDIA GeForce RTX 3080, 99 %, 90 %, 3039 MiB, 10240 MiB, 70, 311.70 W
2025/12/18 20:24:09.374, NVIDIA GeForce RTX 3080, 98 %, 89 %, 3038 MiB, 10240 MiB, 70, 313.53 W
2025/12/18 20:24:10.375, NVIDIA GeForce RTX 3080, 98 %, 88 %, 3016 MiB, 10240 MiB, 70, 313.41 W
2025/12/18 20:24:11.375, NVIDIA GeForce RTX 3080, 98 %, 87 %, 3012 MiB, 10240 MiB, 70, 313.55 W
2025/12/18 20:24:12.375, NVIDIA GeForce RTX 3080, 98 %, 83 %, 3013 MiB, 10240 MiB, 70, 312.24 W
2025/12/18 20:24:13.375, NVIDIA GeForce RTX 3080, 98 %, 86 %, 3013 MiB, 10240 MiB, 69, 309.71 W
2025/12/18 20:24:14.375, NVIDIA GeForce RTX 3080, 98 %, 89 %, 3013 MiB, 10240 MiB, 70, 312.58 W
2025/12/18 20:24:15.375, NVIDIA GeForce RTX 3080, 99 %, 90 %, 3012 MiB, 10240 MiB, 69, 313.86 W
2025/12/18 20:24:16.376, NVIDIA GeForce RTX 3080, 98 %, 88 %, 3011 MiB, 10240 MiB, 70, 313.27 W
2025/12/18 20:24:17.376, NVIDIA GeForce RTX 3080, 99 %, 89 %, 3011 MiB, 10240 MiB, 69, 312.48 W
2025/12/18 20:24:18.376, NVIDIA GeForce RTX 3080, 98 %, 89 %, 3011 MiB, 10240 MiB, 69, 312.56 W
2025/12/18 20:24:19.376, NVIDIA GeForce RTX 3080, 99 %, 85 %, 3023 MiB, 10240 MiB, 70, 313.36 W
2025/12/18 20:24:20.376, NVIDIA GeForce RTX 3080, 99 %, 89 %, 3023 MiB, 10240 MiB, 69, 312.42 W
2025/12/18 20:24:21.376, NVIDIA GeForce RTX 3080, 98 %, 83 %, 3028 MiB, 10240 MiB, 69, 312.53 W
2025/12/18 20:24:22.377, NVIDIA GeForce RTX 3080, 98 %, 83 %, 3028 MiB, 10240 MiB, 69, 310.56 W
2025/12/18 20:24:23.377, NVIDIA GeForce RTX 3080, 98 %, 87 %, 3028 MiB, 10240 MiB, 69, 313.39 W
2025/12/18 20:24:24.377, NVIDIA GeForce RTX 3080, 98 %, 84 %, 3021 MiB, 10240 MiB, 69, 311.55 W
2025/12/18 20:24:25.377, NVIDIA GeForce RTX 3080, 99 %, 90 %, 3021 MiB, 10240 MiB, 69, 312.91 W
2025/12/18 20:24:26.377, NVIDIA GeForce RTX 3080, 99 %, 85 %, 3017 MiB, 10240 MiB, 69, 308.82 W
2025/12/18 20:24:27.377, NVIDIA GeForce RTX 3080, 98 %, 85 %, 3012 MiB, 10240 MiB, 69, 311.45 W
2025/12/18 20:24:28.377, NVIDIA GeForce RTX 3080, 99 %, 90 %, 3012 MiB, 10240 MiB, 69, 311.24 W
2025/12/18 20:24:29.378, NVIDIA GeForce RTX 3080, 99 %, 88 %, 3012 MiB, 10240 MiB, 69, 313.63 W
2025/12/18 20:24:30.378, NVIDIA GeForce RTX 3080, 98 %, 89 %, 3012 MiB, 10240 MiB, 69, 312.47 W
2025/12/18 20:24:31.378, NVIDIA GeForce RTX 3080, 98 %, 83 %, 3012 MiB, 10240 MiB, 69, 313.45 W
2025/12/18 20:24:32.378, NVIDIA GeForce RTX 3080, 98 %, 83 %, 3012 MiB, 10240 MiB, 69, 314.97 W
2025/12/18 20:24:33.378, NVIDIA GeForce RTX 3080, 98 %, 86 %, 3012 MiB, 10240 MiB, 69, 311.54 W
2025/12/18 20:24:34.378, NVIDIA GeForce RTX 3080, 99 %, 89 %, 3012 MiB, 10240 MiB, 69, 312.80 W
2025/12/18 20:24:35.379, NVIDIA GeForce RTX 3080, 99 %, 88 %, 3012 MiB, 10240 MiB, 69, 311.44 W
2025/12/18 20:24:36.379, NVIDIA GeForce RTX 3080, 99 %, 84 %, 3012 MiB, 10240 MiB, 69, 310.94 W
2025/12/18 20:24:37.379, NVIDIA GeForce RTX 3080, 97 %, 82 %, 3012 MiB, 10240 MiB, 69, 312.66 W
2025/12/18 20:24:38.379, NVIDIA GeForce RTX 3080, 98 %, 86 %, 3012 MiB, 10240 MiB, 69, 310.78 W
2025/12/18 20:24:39.379, NVIDIA GeForce RTX 3080, 99 %, 90 %, 3012 MiB, 10240 MiB, 69, 312.23 W
2025/12/18 20:24:40.379, NVIDIA GeForce RTX 3080, 98 %, 80 %, 3012 MiB, 10240 MiB, 69, 312.43 W
2025/12/18 20:24:41.380, NVIDIA GeForce RTX 3080, 98 %, 86 %, 3011 MiB, 10240 MiB, 69, 312.81 W
2025/12/18 20:24:42.380, NVIDIA GeForce RTX 3080, 98 %, 88 %, 3011 MiB, 10240 MiB, 69, 311.34 W
2025/12/18 20:24:43.380, NVIDIA GeForce RTX 3080, 99 %, 84 %, 3019 MiB, 10240 MiB, 69, 310.86 W
2025/12/18 20:24:44.380, NVIDIA GeForce RTX 3080, 98 %, 85 %, 3024 MiB, 10240 MiB, 69, 312.64 W
2025/12/18 20:24:45.380, NVIDIA GeForce RTX 3080, 99 %, 90 %, 3025 MiB, 10240 MiB, 69, 313.31 W
2025/12/18 20:24:46.380, NVIDIA GeForce RTX 3080, 98 %, 89 %, 3025 MiB, 10240 MiB, 69, 312.26 W
2025/12/18 20:24:47.380, NVIDIA GeForce RTX 3080, 98 %, 81 %, 3030 MiB, 10240 MiB, 69, 311.45 W
2025/12/18 20:24:48.381, NVIDIA GeForce RTX 3080, 99 %, 84 %, 3030 MiB, 10240 MiB, 69, 310.63 W
2025/12/18 20:24:49.381, NVIDIA GeForce RTX 3080, 98 %, 84 %, 3023 MiB, 10240 MiB, 69, 310.07 W
2025/12/18 20:24:50.381, NVIDIA GeForce RTX 3080, 98 %, 84 %, 3021 MiB, 10240 MiB, 69, 312.94 W
2025/12/18 20:24:51.381, NVIDIA GeForce RTX 3080, 99 %, 90 %, 3021 MiB, 10240 MiB, 69, 312.23 W
2025/12/18 20:24:52.381, NVIDIA GeForce RTX 3080, 98 %, 86 %, 3015 MiB, 10240 MiB, 69, 311.63 W
2025/12/18 20:24:53.381, NVIDIA GeForce RTX 3080, 98 %, 87 %, 3015 MiB, 10240 MiB, 69, 311.26 W
2025/12/18 20:24:54.381, NVIDIA GeForce RTX 3080, 98 %, 85 %, 3015 MiB, 10240 MiB, 69, 310.46 W
2025/12/18 20:24:55.382, NVIDIA GeForce RTX 3080, 97 %, 83 %, 3015 MiB, 10240 MiB, 69, 308.75 W
2025/12/18 20:24:56.382, NVIDIA GeForce RTX 3080, 99 %, 83 %, 3015 MiB, 10240 MiB, 69, 310.04 W
2025/12/18 20:24:57.382, NVIDIA GeForce RTX 3080, 99 %, 90 %, 3015 MiB, 10240 MiB, 69, 312.33 W
2025/12/18 20:24:58.382, NVIDIA GeForce RTX 3080, 99 %, 90 %, 3015 MiB, 10240 MiB, 69, 312.88 W
2025/12/18 20:24:59.382, NVIDIA GeForce RTX 3080, 98 %, 85 %, 3016 MiB, 10240 MiB, 69, 313.65 W
2025/12/18 20:25:00.382, NVIDIA GeForce RTX 3080, 99 %, 86 %, 3016 MiB, 10240 MiB, 69, 309.67 W
2025/12/18 20:25:01.383, NVIDIA GeForce RTX 3080, 98 %, 89 %, 3016 MiB, 10240 MiB, 69, 311.97 W
2025/12/18 20:25:02.383, NVIDIA GeForce RTX 3080, 99 %, 90 %, 3016 MiB, 10240 MiB, 69, 311.76 W
2025/12/18 20:25:03.383, NVIDIA GeForce RTX 3080, 99 %, 90 %, 3016 MiB, 10240 MiB, 69, 310.21 W
2025/12/18 20:25:04.383, NVIDIA GeForce RTX 3080, 98 %, 83 %, 3016 MiB, 10240 MiB, 69, 311.00 W
2025/12/18 20:25:05.383, NVIDIA GeForce RTX 3080, 99 %, 85 %, 3020 MiB, 10240 MiB, 69, 311.15 W
2025/12/18 20:25:06.383, NVIDIA GeForce RTX 3080, 98 %, 84 %, 3031 MiB, 10240 MiB, 69, 311.29 W
2025/12/18 20:25:07.384, NVIDIA GeForce RTX 3080, 98 %, 81 %, 3024 MiB, 10240 MiB, 69, 312.60 W
2025/12/18 20:25:08.384, NVIDIA GeForce RTX 3080, 98 %, 84 %, 3009 MiB, 10240 MiB, 69, 312.96 W
2025/12/18 20:25:09.384, NVIDIA GeForce RTX 3080, 99 %, 84 %, 3002 MiB, 10240 MiB, 69, 312.41 W
2025/12/18 20:25:10.384, NVIDIA GeForce RTX 3080, 99 %, 85 %, 3000 MiB, 10240 MiB, 69, 312.58 W
2025/12/18 20:25:11.384, NVIDIA GeForce RTX 3080, 98 %, 84 %, 2995 MiB, 10240 MiB, 69, 312.04 W
2025/12/18 20:25:12.384, NVIDIA GeForce RTX 3080, 98 %, 84 %, 2991 MiB, 10240 MiB, 69, 311.46 W
2025/12/18 20:25:13.385, NVIDIA GeForce RTX 3080, 98 %, 84 %, 2986 MiB, 10240 MiB, 69, 310.74 W
2025/12/18 20:25:14.385, NVIDIA GeForce RTX 3080, 98 %, 83 %, 2986 MiB, 10240 MiB, 69, 310.58 W
2025/12/18 20:25:15.385, NVIDIA GeForce RTX 3080, 98 %, 82 %, 2986 MiB, 10240 MiB, 68, 311.17 W
2025/12/18 20:25:16.385, NVIDIA GeForce RTX 3080, 98 %, 85 %, 2986 MiB, 10240 MiB, 69, 311.09 W
2025/12/18 20:25:17.385, NVIDIA GeForce RTX 3080, 99 %, 85 %, 2988 MiB, 10240 MiB, 69, 311.77 W
2025/12/18 20:25:18.385, NVIDIA GeForce RTX 3080, 99 %, 85 %, 2988 MiB, 10240 MiB, 69, 313.28 W
2025/12/18 20:25:19.385, NVIDIA GeForce RTX 3080, 98 %, 81 %, 2976 MiB, 10240 MiB, 69, 311.00 W
2025/12/18 20:25:20.386, NVIDIA GeForce RTX 3080, 99 %, 85 %, 2976 MiB, 10240 MiB, 69, 311.23 W
2025/12/18 20:25:21.386, NVIDIA GeForce RTX 3080, 98 %, 84 %, 2976 MiB, 10240 MiB, 69, 311.86 W
2025/12/18 20:25:22.386, NVIDIA GeForce RTX 3080, 98 %, 84 %, 2994 MiB, 10240 MiB, 68, 310.21 W
2025/12/18 20:25:23.386, NVIDIA GeForce RTX 3080, 100 %, 81 %, 3042 MiB, 10240 MiB, 69, 311.25 W
2025/12/18 20:25:24.386, NVIDIA GeForce RTX 3080, 98 %, 83 %, 3044 MiB, 10240 MiB, 69, 311.30 W
2025/12/18 20:25:25.386, NVIDIA GeForce RTX 3080, 98 %, 85 %, 3040 MiB, 10240 MiB, 69, 312.14 W
